{
  "lang":"zh",
  "name":"pipeline",
  "version":"0.0.0",
  "spacy_version":">=3.7.0,<3.8.0",
  "description":"",
  "author":"",
  "email":"",
  "url":"",
  "license":"",
  "spacy_git_version":"160e61772",
  "vectors":{
    "width":300,
    "vectors":20000,
    "keys":500000,
    "name":"zh_vectors",
    "mode":"default"
  },
  "labels":{
    "tok2vec":[

    ],
    "ner":[
      "education",
      "email",
      "major",
      "name",
      "personality",
      "phone",
      "skills",
      "skills_level"
    ]
  },
  "pipeline":[
    "tok2vec",
    "ner"
  ],
  "components":[
    "tok2vec",
    "ner"
  ],
  "disabled":[

  ],
  "performance":{
    "ents_f":0.3636363636,
    "ents_p":0.2733333333,
    "ents_r":0.5430463576,
    "ents_per_type":{
      "phone":{
        "p":0.0985915493,
        "r":0.7777777778,
        "f":0.175
      },
      "personality":{
        "p":0.2089552239,
        "r":0.5,
        "f":0.2947368421
      },
      "skills":{
        "p":0.3770491803,
        "r":0.5609756098,
        "f":0.4509803922
      },
      "email":{
        "p":0.6363636364,
        "r":0.7,
        "f":0.6666666667
      },
      "major":{
        "p":0.0588235294,
        "r":0.1428571429,
        "f":0.0833333333
      },
      "name":{
        "p":0.4,
        "r":0.2222222222,
        "f":0.2857142857
      },
      "education":{
        "p":0.8333333333,
        "r":0.8333333333,
        "f":0.8333333333
      },
      "skills_level":{
        "p":0.0,
        "r":0.0,
        "f":0.0
      }
    },
    "tok2vec_loss":200.3248786705,
    "ner_loss":277.0544358418
  }
}