{
  "lang":"zh",
  "name":"pipeline",
  "version":"0.0.0",
  "spacy_version":">=3.7.0,<3.8.0",
  "description":"",
  "author":"",
  "email":"",
  "url":"",
  "license":"",
  "spacy_git_version":"160e61772",
  "vectors":{
    "width":300,
    "vectors":20000,
    "keys":500000,
    "name":"zh_vectors",
    "mode":"default"
  },
  "labels":{
    "tok2vec":[

    ],
    "ner":[
      "education",
      "email",
      "major",
      "name",
      "personality",
      "phone",
      "skills",
      "skills_level"
    ]
  },
  "pipeline":[
    "tok2vec",
    "ner"
  ],
  "components":[
    "tok2vec",
    "ner"
  ],
  "disabled":[

  ],
  "performance":{
    "ents_f":0.4347826087,
    "ents_p":0.4093567251,
    "ents_r":0.4635761589,
    "ents_per_type":{
      "phone":{
        "p":0.25,
        "r":0.7777777778,
        "f":0.3783783784
      },
      "personality":{
        "p":0.3947368421,
        "r":0.5357142857,
        "f":0.4545454545
      },
      "major":{
        "p":0.0909090909,
        "r":0.1428571429,
        "f":0.1111111111
      },
      "skills":{
        "p":0.4415584416,
        "r":0.4146341463,
        "f":0.427672956
      },
      "email":{
        "p":0.875,
        "r":0.7,
        "f":0.7777777778
      },
      "name":{
        "p":0.5,
        "r":0.2222222222,
        "f":0.3076923077
      },
      "education":{
        "p":0.8,
        "r":0.6666666667,
        "f":0.7272727273
      }
    },
    "tok2vec_loss":937.0710106892,
    "ner_loss":1181.0490389562
  }
}